genome,locus_tag,prot_seq,len,product,function,note,Orthogroup,Classification_of,Gene,Classification_panaroo,Classification_ognc,Results_column,Consensus_classification
GCF_000021325.1_genomic,GDIA_RS00055,MRILVNEEPREVSTATLAALLDELGYGGARVATAVNGDFVPVSRRAALTLDEGARVEILAPMQGG,65,sulfur carrier protein this, ,Derived by automated computational analysis using gene prediction method: Protein Homology.,OG0000006,Conserved,thiS,Conserved,Conserved,Conserved,Conserved_50
GCF_000021325.1_genomic,GDIA_RS00640,MPVIPPFRSFLEPGQFVVHPDHPEWGRGQVQSAVAHRVTVNFEHQGKILIDASVIMLTVIS,61,duf3553 domain-containing protein, ,Derived by automated computational analysis using gene prediction method: Protein Homology.,OG0000007,Conserved,group_46,Conserved,Conserved,Conserved,Conserved_50
GCF_000021325.1_genomic,GDIA_RS00760,MAKSNTIQIKLVSSADTGYFYVTKKNARAQTGKLEMRKYDPVARKHVAFREAKIK,55,50s ribosomal protein l33, ,Derived by automated computational analysis using gene prediction method: Protein Homology.,OG0000008,Conserved,rpmG,Conserved,Conserved,Conserved,Conserved_50
GCF_000021325.1_genomic,GDIA_RS00865,MKISARNQISGKITEIIKGATTSHVGIDIGGKVITASITNEAVADLKLKVGEHATAIIKASDVMVGV,67,tobe domain-containing protein, ,Derived by automated computational analysis using gene prediction method: Protein Homology.,OG0000009,Conserved,group_13,Conserved,Conserved,Conserved,Conserved_50
GCF_000021325.1_genomic,GDIA_RS18920,MAIAVDLTVVMGAKPIGDHISIRIATSVAGGSSSAKTKIVAEKQEDQGIG,50,hypothetical protein, ,Derived by automated computational analysis using gene prediction method: GeneMarkS-2+.,OG0000010,Conserved,group_93,Conserved,Conserved,Conserved,Conserved_50
GCF_000021325.1_genomic,GDIA_RS01250,MNAENGQDAPIGYYNAPHGVAAAERALALGAFAIGTGEFAIMGMLPDMARNRSAGPGRSCRPAA,64,hypothetical protein, ,Derived by automated computational analysis using gene prediction method: Protein Homology.,OG0000011,Conserved,group_32,Conserved,Conserved,Conserved,Conserved_50
GCF_000021325.1_genomic,GDIA_RS01385,MATGTVKWFNATKGFGFIMPEDGGKDVFVHITAVQAAGLRGLNENQRVSYDVVTERGKAAASNLKPL,67,cold-shock protein, ,Derived by automated computational analysis using gene prediction method: Protein Homology.,OG0000003,Conserved,group_14,Conserved,Conserved,Conserved,Conserved_50
GCF_000021325.1_genomic,GDIA_RS18145,MAGGNAFDVAGVPLSTDAAVLKAGLQAKLTDRLNVGLSYVGQYGDHSTDSGLTGNVKVTF,60,autotransporter outer membrane beta-barrel domain-containing protein, ,Derived by automated computational analysis using gene prediction method: Protein Homology.,OG0000012,Conserved,,,Conserved,Conserved,Conserved_50
GCF_000021325.1_genomic,GDIA_RS19385,MNQPHSLTDAEATEFVRRHRGRIYGVAITLLALAAVFYGLALVRL,45,hypothetical protein, ,Derived by automated computational analysis using gene prediction method: Protein Homology.,OG0000013,Conserved,group_103,Conserved,Conserved,Conserved,Conserved_50
GCF_000021325.1_genomic,GDIA_RS01820,MKRTYQPSKLVRKRRHGFRARMETVGGRKVIANRRAKGRKRLSA,44,50s ribosomal protein l34, ,Derived by automated computational analysis using gene prediction method: Protein Homology.,OG0000014,Conserved,,,Conserved,Conserved,Conserved_50
GCF_000021325.1_genomic,GDIA_RS01825,MTGPESDEKTRRVAATLHDVRGLLSPAMLSADGLTLHADPQVRAAAEQIIQSIEQAVSRLKALGQPKK,68,hypothetical protein, ,Derived by automated computational analysis using gene prediction method: Protein Homology.,OG0000015,Conserved,group_7,Conserved,Conserved,Conserved,Conserved_50
GCF_000021325.1_genomic,GDIA_RS19390,MQRILLALAGIVVLAAAGGFVSLGAFPPPAPTLPVHKDLPSDRFAHP,47,hypothetical protein, ,Derived by automated computational analysis using gene prediction method: Protein Homology.,OG0000016,Conserved,group_98,Conserved,Conserved,Conserved,Conserved_50
GCF_000021325.1_genomic,GDIA_RS19395,MPDIEDHSAPAPLRDVVQLMGAVTFVLAMLAVGWHAAHVSGVWPG,45,hypothetical protein, ,Derived by automated computational analysis using gene prediction method: Protein Homology.,OG0000017,Conserved,group_104,Conserved,Conserved,Conserved,Conserved_50
GCF_000021325.1_genomic,GDIA_RS02470,MASIDWRPLSEPSGFAERDPWQDIAARRDRPQTSRRMKQRLGHWVATCAMGAWALLAIVPVIVVLMAIDG,70,hypothetical protein, ,Derived by automated computational analysis using gene prediction method: Protein Homology.,OG0000018,Conserved,,,Conserved,Conserved,Conserved_50
GCF_000021325.1_genomic,GDIA_RS02680,MFHISMAGPHRPHLHAPWRAVAARQDDPSGVDARDRITVALICGGLLSAFVIDMAILYFSMFRP,64,hypothetical protein, ,Derived by automated computational analysis using gene prediction method: Protein Homology.,OG0000019,Conserved,group_33,Conserved,Conserved,Conserved,Conserved_50
GCF_000021325.1_genomic,GDIA_RS02755,MSDTTAHPDLDLAEKVLKIANLHADSELKNAQRFFLPWQFLVSALALAFTAGAGLTGGLFALIRWKVGG,69,hypothetical protein, ,Derived by automated computational analysis using gene prediction method: GeneMarkS-2+.,OG0000096,,group_0,Shell,,Probably not conserved,
GCF_000021325.1_genomic,GDIA_RS18955,MKHKTDFEKRFNELKKMNDKIKSEVQDIVGISKKITERDKVDGMDNSVDNRLISRTCYQGY,61,hypothetical protein, ,Derived by automated computational analysis using gene prediction method: GeneMarkS-2+.,OG0000097,,group_47,Shell,,Probably not conserved,
GCF_000021325.1_genomic,GDIA_RS18985,MAKVEILKGSKKGEIIKVNSAMVNSLQKTGAAKAVSGQKEKNDNERIKKGR,51,hypothetical protein, ,Derived by automated computational analysis using gene prediction method: GeneMarkS-2+.,OG0000098,,group_90,Shell,,Probably not conserved,
GCF_000021325.1_genomic,GDIA_RS19025,MKKGYSRFDAVEELVRNPDLRAGVMAAAKESDDPRMVEIIRKDVARAEAIVAEGMAD,57,hypothetical protein, ,Derived by automated computational analysis using gene prediction method: GeneMarkS-2+.,OG0000099,,group_72,Shell,,Probably not conserved,
GCF_000021325.1_genomic,GDIA_RS03280,MTPEATAIDLFARHGAEALAIAQTHLDEARLDGDAEKARYWIASCEEIRRLHAGQESMEIDLSR,64,hypothetical protein, ,Derived by automated computational analysis using gene prediction method: GeneMarkS-2+.,OG0000020,Conserved,group_34,Conserved,Conserved,Conserved,Conserved_50
GCF_000021325.1_genomic,GDIA_RS03295,MFKSEIIEIDGVFVGVVIQSRRDGARVFRAIHEWLRPLNGQIMSSLQEARNVATGLFRRQRVGLAPVLT,69,hypothetical protein, ,Derived by automated computational analysis using gene prediction method: Protein Homology.,OG0000021,Conserved,group_1,Conserved,Conserved,Conserved,Conserved_50
GCF_000021325.1_genomic,GDIA_RS19400,MPEPSMRTVDHPADRTEQTPDPLRPARGVMRAVLAGAVLWIAILLGLFLLWHHHG,55,hypothetical protein, ,Derived by automated computational analysis using gene prediction method: Protein Homology.,OG0000022,Conserved,group_118,Conserved,Conserved,Conserved,Conserved_50
GCF_000021325.1_genomic,GDIA_RS19770,MRILHAYDARVLGSVLTQVPARGLESAEKRQLGIYRQYGLLTS,43,hypothetical protein, ,Derived by automated computational analysis using gene prediction method: GeneMarkS-2+.,OG0000100,,group_108,Shell,,Probably not conserved,
GCF_000021325.1_genomic,GDIA_RS18325,MRLILLVIVVLLLIGALPTWPYSGGWGYYPAGGLGLILLILVILAVMGNI,50,duf3309 family protein, ,Derived by automated computational analysis using gene prediction method: Protein Homology.,OG0000023,Conserved,group_94,Conserved,Conserved,Conserved,Conserved_50
GCF_000021325.1_genomic,GDIA_RS04010,MPSAAQWAEWGGRAAVLLAVAWAACMVWNGGAGLHALSQATAAFFAA,47,hypothetical protein, ,Derived by automated computational analysis using gene prediction method: GeneMarkS-2+.,OG0000024,Conserved,group_122,Conserved,Conserved,Conserved,Conserved_50
GCF_000021325.1_genomic,GDIA_RS19050,MQGRVIGLSLDELRRIPNVVAIASESTKIVTERS,34,sugar-binding domain-containing protein, ,Derived by automated computational analysis using gene prediction method: Protein Homology.,OG0000025,Conserved,group_114,Conserved,Conserved,Conserved,Conserved_50
GCF_000021325.1_genomic,GDIA_RS04415,MSRPDFQIDGVTAQAFTLPTDGPEAAIIIVHVQAGERVGFGYTYSDATVARLIEDTLKSKIVGQHRV,67,mandelate racemase, ,Derived by automated computational analysis using gene prediction method: GeneMarkS-2+.,OG0000026,Conserved,,,Conserved,Conserved,Conserved_50
GCF_000021325.1_genomic,GDIA_RS04630,MKQSLSDTLAAKDGTDGFYTSKATATTTADDFRVGSNMAYFNGRVHTGPIRHDLVIGTNG,60,hypothetical protein, ,Derived by automated computational analysis using gene prediction method: GeneMarkS-2+.,OG0000101,,,,,Probably not conserved,
GCF_000021325.1_genomic,GDIA_RS19405,MTGPQNPPRSDDAVDQLGTEERRKLDPVIDALNALHLQHGFLSDEFPTL,49,hypothetical protein, ,Derived by automated computational analysis using gene prediction method: Protein Homology.,OG0000027,Conserved,group_127,Conserved,Conserved,Conserved,Conserved_50
GCF_000021325.1_genomic,GDIA_RS19630,MPTNRPWDAAPLRRAFSGLDPAGLAQEWLRRNPAYLNDYAVTMTTGKADAETWRAFARRWGVRFPCRP,68,duf6499 domain-containing protein, ,Derived by automated computational analysis using gene prediction method: Protein Homology.,OG0000028,Conserved,,,Conserved,Conserved,Conserved_50
GCF_000021325.1_genomic,GDIA_RS19775,MTAMIKKTWWKVGSFFFSMLIVLLVHGVEIFEKIRSRHAQRES,43,hypothetical protein, ,Derived by automated computational analysis using gene prediction method: GeneMarkS-2+.,OG0000102,,group_109,Shell,,Probably not conserved,
GCF_000021325.1_genomic,GDIA_RS19420,MTTHHDQIQMLRAELTSFHLSHRERKQIERELKQACAQFAARHHDDEPPA,50,hypothetical protein, ,Derived by automated computational analysis using gene prediction method: Protein Homology.,OG0000001,Conserved,group_95,Shell,,Shell,
GCF_000021325.1_genomic,GDIA_RS05155,MAEITGQELHLVKKALAIAVLAIEWQPGPFQSYSDMQDMKGLLDLLVPGDTELAFYARAARIAVTGDPD,69,hypothetical protein, ,Derived by automated computational analysis using gene prediction method: Protein Homology.,OG0000029,Conserved,group_2,Shell,,Shell,
GCF_000021325.1_genomic,GDIA_RS18420,MARQRDTIAGKVRLVLDAPDANVTPLRSGADPRLVSLVRLLARQAARDFVNAEGEAARRRDLQD,64,hypothetical protein, ,Derived by automated computational analysis using gene prediction method: Protein Homology.,OG0000002,Conserved,group_125,Conserved,Conserved,Conserved,Conserved_50
GCF_000021325.1_genomic,GDIA_RS05495,MDLLRWTLIFLVLALLSAALGFGGIASNFAYIGKILFFIFLVLFIVGLFFGRGRGRTL,58,duf1328 family protein, ,Derived by automated computational analysis using gene prediction method: Protein Homology.,OG0000030,Conserved,group_66,Conserved,Conserved,Conserved,Conserved_50
GCF_000021325.1_genomic,GDIA_RS19075,MEIDIMFGKRMAGYPAGHKLSDTTKQTLGGVAVILLMLVAIALSILLSPTIPLGQ,55,hypothetical protein, ,Derived by automated computational analysis using gene prediction method: GeneMarkS-2+.,OG0000031,Conserved,group_81,Conserved,Conserved,Conserved,Conserved_50
GCF_000021325.1_genomic,GDIA_RS19780,MVYLGMMSLVSGLLIACGIQVARFVDTRIDPDLSALNRSAGLDI,44,hypothetical protein, ,Derived by automated computational analysis using gene prediction method: GeneMarkS-2+.,OG0000032,Conserved,group_107,Conserved,Conserved,Conserved,Conserved_50
GCF_000021325.1_genomic,GDIA_RS19080,MTTAIIIATIMVAVTIRIAAHTSMAAGVAMAGKGSSATGCVSYNVNAHPGTIGIMKA,57,hypothetical protein, ,Derived by automated computational analysis using gene prediction method: GeneMarkS-2+.,OG0000033,Conserved,group_73,Conserved,Conserved,Conserved,Conserved_50
GCF_000021325.1_genomic,GDIA_RS06130,MNETERTRPGLYRHYKGGLYTLICVGRHSETEEWLVTYRSEARGDYWVRPLAMWVEDVDGVPRFSPLS,68,duf1653 domain-containing protein, ,Derived by automated computational analysis using gene prediction method: Protein Homology.,OG0000034,Conserved,group_8,Conserved,Conserved,Conserved,Conserved_50
GCF_000021325.1_genomic,GDIA_RS19085,MMKSTKTSATAIAVAISSALALSACAGSGLPQSDGHGPAGYDAGLAGNVATIPDRALF,58,hypothetical protein, ,Derived by automated computational analysis using gene prediction method: GeneMarkS-2+.,OG0000035,Conserved,group_67,Conserved,Conserved,Conserved,Conserved_50
GCF_000021325.1_genomic,GDIA_RS19090,MMVPVRSSSHTTPPPVTTSSPNRPARRTRLHPAMSEAVRAIHTRHRRHLQTHRRSDAGRVAR,62,hypothetical protein, ,Derived by automated computational analysis using gene prediction method: GeneMarkS-2+.,OG0000036,Conserved,group_123,Conserved,Conserved,Conserved,Conserved_50
GCF_000021325.1_genomic,GDIA_RS06215,MGPTVDIAGVQVSSFVIDAGLAVLTLLVLRPLLGTTFVQKRVWNVPLAEFGILICLAGFYVFLL,64,duf1656 domain-containing protein, ,Derived by automated computational analysis using gene prediction method: Protein Homology.,OG0000037,Conserved,group_35,Conserved,Conserved,Conserved,Conserved_50
GCF_000021325.1_genomic,GDIA_RS19815,MNRPVPDMSGPADGDHAFTLWLGRRLHGMYGDVAREPIPDSLLQIVRNIEDKDTSD,56,nepr family anti-sigma factor, ,Derived by automated computational analysis using gene prediction method: Protein Homology.,OG0000004,Conserved,group_119,Conserved,Conserved,Conserved,Conserved_50
GCF_000021325.1_genomic,GDIA_RS06585,MSVSPAKFVQDVRAEAGKVTWPTRRATLVTTGAVLAMAAMTSVFFFVVDQIIGLGVRELFGLGG,64,preprotein translocase subunit sece, ,Derived by automated computational analysis using gene prediction method: Protein Homology.,OG0000038,Conserved,,,Conserved,Conserved,Conserved_50
GCF_000021325.1_genomic,GDIA_RS06790,MTDHPPATVSRPDAQTNDAVPPQAIRARLFPFTGPVPAERVIRGVCIGGVISLVLWALLVGIIMVIRRL,69,hypothetical protein, ,Derived by automated computational analysis using gene prediction method: Protein Homology.,OG0000039,Conserved,,,Conserved,Conserved,Conserved_50
GCF_000021325.1_genomic,GDIA_RS06805,MNRMPFGVPTPDPDETPPHDGQPPVPDQPPRGVDPHRPAGPPGPPHPHEPPLERDPYSDREVRPEQGG,68,hypothetical protein, ,Derived by automated computational analysis using gene prediction method: GeneMarkS-2+.,OG0000040,Conserved,group_9,Conserved,Conserved,Conserved,Conserved_50
GCF_000021325.1_genomic,GDIA_RS19100,MSKIVWTCLGPRRPMPTPTPGPFNPDDPIPGDVPDDDPYEPDDDDEGPVL,50,hypothetical protein, ,Derived by automated computational analysis using gene prediction method: GeneMarkS-2+.,OG0000041,Conserved,group_96,Conserved,Conserved,Conserved,Conserved_50
GCF_000021325.1_genomic,GDIA_RS06905,MGEFKDKIKGHADAMVGEIKRSVGKATKNTDLEAKGTAQKMKGDAERAKGAVKGTINKF,59,csbd family protein, ,Derived by automated computational analysis using gene prediction method: Protein Homology.,OG0000042,Conserved,group_60,Conserved,Conserved,Conserved,Conserved_50
GCF_000021325.1_genomic,GDIA_RS07095,MKIRNSLKSAKVRDKDCRVVRRHGKVYVINKKNPRMKARQG,41,type b 50s ribosomal protein l36, ,Derived by automated computational analysis using gene prediction method: Protein Homology.,OG0000043,Conserved,ykgO,Conserved,Conserved,Conserved,Conserved_50
GCF_000021325.1_genomic,GDIA_RS18470,MPPWTRRLGWMAVIWTASVLALGVFAMLMHLLMAAAGMAG,40,duf2474 domain-containing protein, ,Derived by automated computational analysis using gene prediction method: Protein Homology.,OG0000044,Conserved,group_113,Conserved,Conserved,Conserved,Conserved_50
GCF_000021325.1_genomic,GDIA_RS07800,MTDIAELKAELKKLSARATKAKMDLHDLSEDLPVNWQAIPDIAAQAHRAFAELTEKRAALAAIEDATKE,69,cce_0567 family metalloprotein, ,Derived by automated computational analysis using gene prediction method: Protein Homology.,OG0000045,Conserved,group_4,Conserved,Conserved,Conserved,Conserved_50
GCF_000021325.1_genomic,GDIA_RS07860,MAYRIVTSQCTVCGACEFECPNGAISLKNDLYVINAKKCTECEGQFDTPQCVSVCPVPNTCVPA,64,4fe-4s binding protein, ,Derived by automated computational analysis using gene prediction method: Protein Homology.,OG0000046,Conserved,group_36,Conserved,Conserved,Conserved,Conserved_50
GCF_000021325.1_genomic,GDIA_RS19120,MKNLTKKPARLRGLDKRPHIAARLGWLFSGIFEVLWRGAWKLRTSHLSVISLIRRDLSRGAGQFS,65,hypothetical protein, ,Derived by automated computational analysis using gene prediction method: GeneMarkS-2+.,OG0000000,Conserved,group_117,Conserved,Conserved,Conserved,Conserved_50
GCF_000021325.1_genomic,GDIA_RS08050,MARKKTDRIRIEVFGPTSEAETTEQALHPSNEAVLSLARLIGRQMAREQFERARALERKQARQNRSDPLR,70,hypothetical protein, ,Derived by automated computational analysis using gene prediction method: Protein Homology.,OG0000103,,,,,Probably not conserved,
GCF_000021325.1_genomic,GDIA_RS19445,MKTSSYRDTRRVQHPNILSSDQIGNATALRWTLRDRIEGYFVALVVTIYLKLT,53,hypothetical protein, ,Derived by automated computational analysis using gene prediction method: Protein Homology.,OG0000047,Conserved,group_126,Conserved,Conserved,Conserved,Conserved_50
GCF_000021325.1_genomic,GDIA_RS09105,MLTEFNFFGVFMAPIVVYAIAALPVTMLIRFLLWWSGIMKWFWHLALFEVALYTCVLCLLILYV,64,duf1656 domain-containing protein, ,Derived by automated computational analysis using gene prediction method: Protein Homology.,OG0000048,Conserved,group_37,Conserved,,Conserved,Conserved_50
GCF_000021325.1_genomic,GDIA_RS09410,MHHDRFPASSLSRAALLVVAMLGLAGGLTACNTVRGAGQDVSSVGHDVSRGANASQNAITKSTGASPR,68,entericidin a/b family lipoprotein, ,Derived by automated computational analysis using gene prediction method: Protein Homology.,OG0000049,Conserved,group_10,Conserved,Conserved,Conserved,Conserved_50
GCF_000021325.1_genomic,GDIA_RS19785,MLIQEIGNLVAHSMDVASVLPMVAFLPLVAALMVATAVADRIA,43,hypothetical protein, ,Derived by automated computational analysis using gene prediction method: Protein Homology.,OG0000050,Conserved,group_110,Conserved,Conserved,Conserved,Conserved_50
GCF_000021325.1_genomic,GDIA_RS19525,MSSKGHPHKHTPGRHKAPHYGAAHYAKSSTKTGTDRLLDLRDTDVAGRVAKPGAPRGK,58,hypothetical protein, ,Derived by automated computational analysis using gene prediction method: GeneMarkS-2+.,OG0000104,,group_68,Shell,,Probably not conserved,
GCF_000021325.1_genomic,GDIA_RS19530,MGRRIGLLTQVMHGMAGTLRQLVAKHRDASMMGGTVHPRRRAASRP,46,hypothetical protein, ,Derived by automated computational analysis using gene prediction method: GeneMarkS-2+.,OG0000105,,group_100,Shell,,Probably not conserved,
GCF_000021325.1_genomic,GDIA_RS09745,MRDYTDNDDGVRTQLQGLISELQTDIEKVAVLLDQTQASDDVKHLIASIADRLDGVADLADRR,63,hypothetical protein, ,Derived by automated computational analysis using gene prediction method: GeneMarkS-2+.,OG0000051,Conserved,group_39,Conserved,Conserved,Conserved,Conserved_50
GCF_000021325.1_genomic,GDIA_RS09995,MAWTAPKITEVPLGAEINSYVCGQKK,26,pyrroloquinoline quinone precursor peptide pqqa, ,Derived by automated computational analysis using gene prediction method: Protein Homology.,OG0000052,Conserved,pqqA,Conserved,Conserved,Conserved,Conserved_50
GCF_000021325.1_genomic,GDIA_RS10040,MARLTEEERADLPDEDFALPGRRYPIPDAAHARDALARASAMLHEGHLSPEEYETVVSRARARLGE,66,hypothetical protein, ,Derived by automated computational analysis using gene prediction method: Protein Homology.,OG0000053,Conserved,group_19,Conserved,Conserved,Conserved,Conserved_50
GCF_000021325.1_genomic,GDIA_RS19200,MNALTLVLAAAAIVIGFSACEPELLGHHSHAAGMGTASIGSVISDG,46,hypothetical protein, ,Derived by automated computational analysis using gene prediction method: GeneMarkS-2+.,OG0000054,Conserved,group_101,Conserved,Conserved,Conserved,Conserved_50
GCF_000021325.1_genomic,GDIA_RS18610,MKMLHLVLLLPFLGLLWPPFYDRIDPVLLGFPFFYWYQLAWVPATSLLIWLVWKRGTR,58,duf3311 domain-containing protein, ,Derived by automated computational analysis using gene prediction method: Protein Homology.,OG0000055,Conserved,group_69,Conserved,Conserved,Conserved,Conserved_50
GCF_000021325.1_genomic,GDIA_RS19365,MMTIIAAFLSSPLPVVGLSMLMVCAATLHAGCGMPAAVPVRVRRTRR,47,hypothetical protein, ,Derived by automated computational analysis using gene prediction method: Protein Homology.,OG0000056,Conserved,group_120,Conserved,Conserved,Conserved,Conserved_50
GCF_000021325.1_genomic,GDIA_RS19675,MSPSVYAIPLRGMIQGVTPSNPSPRGVGKADVNVTVRPVMTSSSRLPGTSMPPERVVVR,59,hypothetical protein, ,Derived by automated computational analysis using gene prediction method: GeneMarkS-2+.,OG0000057,Conserved,,,Conserved,Conserved,Conserved_50
GCF_000021325.1_genomic,GDIA_RS10810,MTEKSKAEKAEAARQERLAREAAALRENLRRRKQQSRARADAPAAPPVPDAAAEDGAKS,59,hypothetical protein, ,Derived by automated computational analysis using gene prediction method: Protein Homology.,OG0000058,Conserved,group_62,Conserved,Conserved,Conserved,Conserved_50
GCF_000021325.1_genomic,GDIA_RS11090,MQANLQPVPAAAMDLVARHGDDALVIARRYRDDAQDDDDEVLVAYWNAILETSQYLLEESPDRHS,65,hypothetical protein, ,Derived by automated computational analysis using gene prediction method: GeneMarkS-2+.,OG0000059,Conserved,group_27,Conserved,Conserved,Conserved,Conserved_50
GCF_000021325.1_genomic,GDIA_RS11175,MTTNTGKTVSVLALAGMLLLAACGPNYGDRGTQKFRGHGYGDVGPSAKGNYGFDGPP,57,hypothetical protein, ,Derived by automated computational analysis using gene prediction method: Protein Homology.,OG0000005,Conserved,group_74,Conserved,Conserved,Conserved,Conserved_50
GCF_000021325.1_genomic,GDIA_RS11180,MLTLLVIILIIFAIGGGGYGIRSGWYGGGQGGRFNGLGLLPIILIIVALFLLFRGTGQM,59,hypothetical protein, ,Derived by automated computational analysis using gene prediction method: Protein Homology.,OG0000060,Conserved,group_63,Conserved,Conserved,Conserved,Conserved_50
GCF_000021325.1_genomic,GDIA_RS11355,MTETAQAPLDPRLLSVLVCPVTKGPLIYDREAGELISRQAGLAFPIRDGIPIMLPDEARPLDV,63,trm112 family protein, ,Derived by automated computational analysis using gene prediction method: Protein Homology.,OG0000061,Conserved,group_40,Conserved,,Conserved,Conserved_50
GCF_000021325.1_genomic,GDIA_RS11420,MTKFEQMIETGIATWSGIVPPSELARRLEAELAVTISAFEAMRGQLRFEDEPSSFEAALQAAKQ,64,hypothetical protein, ,Derived by automated computational analysis using gene prediction method: Protein Homology.,OG0000062,Conserved,,,,Probably not conserved,
GCF_000021325.1_genomic,GDIA_RS11570,MSRPLITLGIVLVLAGLLWPVLSRLPLGRLPGDIVIQRPNFTFYAPIATCIVISAVLSLIFWLVRR,66,duf2905 domain-containing protein, ,Derived by automated computational analysis using gene prediction method: Protein Homology.,OG0000063,Conserved,group_20,Conserved,,Conserved,Conserved_50
GCF_000021325.1_genomic,GDIA_RS11695,MRHEPEQADRRDDGDEKRHPAPGLGSPPEAVPDPDAETPPKPGNTPKDLPEPLTLPEHGG,60,hypothetical protein, ,Derived by automated computational analysis using gene prediction method: Protein Homology.,OG0000064,Conserved,group_52,Conserved,,Conserved,Conserved_50
GCF_000021325.1_genomic,GDIA_RS12260,MKHWLAVAALALVVAGCAERPQHEHRETPECMNYRAMMTAPMAPDAMKRLQARCEASRMQ,60,hypothetical protein, ,Derived by automated computational analysis using gene prediction method: GeneMarkS-2+.,OG0000065,Conserved,group_53,Conserved,,Conserved,Conserved_50
GCF_000021325.1_genomic,GDIA_RS19220,MTAGTLHIVLAFLLGGAFFQALAVAIMGARIKARRQEIEGRMGEPLP,47,hypothetical protein, ,Derived by automated computational analysis using gene prediction method: GeneMarkS-2+.,OG0000106,,,,,Probably not conserved,
GCF_000021325.1_genomic,GDIA_RS12300,MDEAMIAALVSASGTIIALVEKYGPEAWTTIKNAVENTTSSTGPTDADIAAIYAKCQADNDAIQAS,66,hypothetical protein, ,Derived by automated computational analysis using gene prediction method: Protein Homology.,OG0000107,,group_21,Shell,,Probably not conserved,
GCF_000021325.1_genomic,GDIA_RS12335,MSEDPTSLILEHLKAIRAEQSQHRTLLLHHGELLRRVERRIAEVERRIEETKDDLRPTAPTMVMRIH,67,hypothetical protein, ,Derived by automated computational analysis using gene prediction method: GeneMarkS-2+.,OG0000108,,group_16,Shell,,Probably not conserved,
GCF_000021325.1_genomic,GDIA_RS12400,MATRKMTETKAEGHVHIHHHHHHHGKEPSKAADRKGGVKAARDEKRKKDGEFNGDKRTRRTMRRK,65,hypothetical protein, ,Derived by automated computational analysis using gene prediction method: GeneMarkS-2+.,OG0000109,,group_28,Shell,,Probably not conserved,
GCF_000021325.1_genomic,GDIA_RS19225,MLLFLGDYRDEIEQQMLAQWRAGTVTLAQEHEARGRAAVAGEIADLQWDAIKNFYEGSE,59,hypothetical protein, ,Derived by automated computational analysis using gene prediction method: Protein Homology.,OG0000066,Shell,,,,Probably not conserved,
GCF_000021325.1_genomic,GDIA_RS12465,MLIAIRNWIDRQGQTDALELEVASLRDMVGHLTDENRALREKLRFRTLIRDPETGRFVRVAG,62,hypothetical protein, ,Derived by automated computational analysis using gene prediction method: GeneMarkS-2+.,OG0000110,,group_43,Shell,,Probably not conserved,
GCF_000021325.1_genomic,GDIA_RS12505,MSTVPSGYRIVYARPKYAGRMDSWSRVAKCRHAPPELDRLLAGGDMRVWRGVDGNLVVLAISPALEAR,68,hypothetical protein, ,Derived by automated computational analysis using gene prediction method: GeneMarkS-2+.,OG0000111,,group_11,Shell,,Probably not conserved,
GCF_000021325.1_genomic,GDIA_RS19230,MPTSSTHPTNIPLRPVLGPSLRDWALLLVDAALGFRGAGVALIVNDLLAGI,51,hypothetical protein, ,Derived by automated computational analysis using gene prediction method: GeneMarkS-2+.,OG0000112,,,,,Probably not conserved,
GCF_000021325.1_genomic,GDIA_RS12545,MTHHTNHAARLLVLRRLAWQAYESGNAGDVARIRRDIDESARIVRRDRAPVEFPPAPGSVSLRVCGRVVV,70,hypothetical protein, ,Derived by automated computational analysis using gene prediction method: GeneMarkS-2+.,OG0000113,,,,,Probably not conserved,
GCF_000021325.1_genomic,GDIA_RS19245,MSDPCACMGWPVDIIWRDRARCVVSAHRCTRCGASWGADSAADRPISNLDLSRRESKAIKQGDAP,65,hypothetical protein, ,Derived by automated computational analysis using gene prediction method: GeneMarkS-2+.,OG0000114,,group_29,Shell,,Probably not conserved,
GCF_000021325.1_genomic,GDIA_RS12585,MRDDIEIQRDFYRDICSCLHEDLQKLLHYLPKSKRGSNVQRMLDQMQIRLDAAQEEMSEQSDA,63,hypothetical protein, ,Derived by automated computational analysis using gene prediction method: GeneMarkS-2+.,OG0000115,,group_41,Shell,,Probably not conserved,
GCF_000021325.1_genomic,GDIA_RS19455,MRQVVRPRRPGKWARGGATPLLDQIGIVLLILFSAAWLVVLLILG,45,hypothetical protein, ,Derived by automated computational analysis using gene prediction method: Protein Homology.,OG0000067,Conserved,group_105,Conserved,Conserved,Conserved,Conserved_50
GCF_000021325.1_genomic,GDIA_RS12750,MRRSCLVCLVLIAVLAGCASHPSPPPAARGRDAFHQFDPPAPGVANRPAIGLGGAY,56,hypothetical protein, ,Derived by automated computational analysis using gene prediction method: Protein Homology.,OG0000068,Conserved,group_78,Conserved,Conserved,Conserved,Conserved_50
GCF_000021325.1_genomic,GDIA_RS12780,MDENGTDRTRAVAVRALRVLPLAGLLLLAACGPDYGDRGTRQFRGDGYGDVGVNTKGSYGYDGGGY,66,hypothetical protein, ,Derived by automated computational analysis using gene prediction method: Protein Homology.,OG0000005,Conserved,group_22,Conserved,Conserved,Conserved,Conserved_50
GCF_000021325.1_genomic,GDIA_RS19460,MTTTIRSTCALLAMLALAGCFYDRPPYRGWHRGYYGGHYGWYDERGGWRGDYHR,54,hypothetical protein, ,Derived by automated computational analysis using gene prediction method: Protein Homology.,OG0000069,Conserved,group_86,Conserved,Conserved,Conserved,Conserved_50
GCF_000021325.1_genomic,GDIA_RS19260,MLRFLEDYRDSVEQRMLGQWRAGTATLAQEHEARGRAAVAGEIAALQWAEMAAFYGGGGA,60,hypothetical protein, ,Derived by automated computational analysis using gene prediction method: Protein Homology.,OG0000066,Shell,,,,Probably not conserved,
GCF_000021325.1_genomic,GDIA_RS12885,MTERKTGTKAASTTARGGAEMHVHHHHHYHGGAKPAAVADVAARGVRRRPAPARKATRRV,60,hypothetical protein, ,Derived by automated computational analysis using gene prediction method: Protein Homology.,OG0000070,Conserved,group_55,Conserved,Conserved,Conserved,Conserved_50
GCF_000021325.1_genomic,GDIA_RS13430,MTITAPRPAPEGALPDSAVITLVSRPCATVAIRDIMPGVQAELNAVGDIIRLRLTSDWNA,60,hypothetical protein, ,Derived by automated computational analysis using gene prediction method: GeneMarkS-2+.,OG0000071,Conserved,group_56,Conserved,Conserved,Conserved,Conserved_50
GCF_000021325.1_genomic,GDIA_RS18745,MNSADLIRELKKAGWMEVRSRGSHHIFRHPDHGHSVTVPHPKKGLGKGLVAAIRKQAGLK,60,type ii toxin-antitoxin system hica family toxin, ,Derived by automated computational analysis using gene prediction method: Protein Homology.,OG0000072,Conserved,group_57,Conserved,Conserved,Conserved,Conserved_50
GCF_000021325.1_genomic,GDIA_RS19280,MSDAGLSREGLIWKVAMAVAQAEKGITADPNRGRLGGDRTYILALIKEVADTIDATGKPPEPAIESRAE,69,hypothetical protein, ,Derived by automated computational analysis using gene prediction method: GeneMarkS-2+.,OG0000073,Conserved,group_5,Conserved,Conserved,Conserved,Conserved_50
GCF_000021325.1_genomic,GDIA_RS13480,MATGTVKWFNSQKGFGFIQPNDGSSDVFVHISAVERAGLRGLNEGQTISYELETGRNNKTSAVNLKAD,68,cold-shock protein, ,Derived by automated computational analysis using gene prediction method: Protein Homology.,OG0000003,Conserved,group_12,Conserved,Conserved,Conserved,Conserved_50
GCF_000021325.1_genomic,GDIA_RS19285,MTPIVENGPKAETPFATHHERRTALVAVAIVAGFLAAIVLACAFAPTIPL,50,hypothetical protein, ,Derived by automated computational analysis using gene prediction method: GeneMarkS-2+.,OG0000074,Conserved,group_97,Conserved,Conserved,Conserved,Conserved_50
GCF_000021325.1_genomic,GDIA_RS19300,MTFPITDSSLEQKARQAWNKFIMARRAGKLAFPPPPSVMISAFREKQSEEVWRGFMKKID,60,hypothetical protein, ,Derived by automated computational analysis using gene prediction method: GeneMarkS-2+.,OG0000116,,,,,Probably not conserved,
GCF_000021325.1_genomic,GDIA_RS19730,MTEAEWSHWMAAAQQGDANAYRLVLAEAAAWLRRFFLRRLPPPMIDCLVPGFGGADYV,58,hypothetical protein, ,Derived by automated computational analysis using gene prediction method: GeneMarkS-2+.,OG0000075,Conserved,,,Conserved,Conserved,Conserved_50
GCF_000021325.1_genomic,GDIA_RS13875,MRVRLFLSALSVVVLAGMATPASAAPCRDAKGKFTTCPKPAPTKCRDAKGKFTKCPAPSAAAG,63,hypothetical protein, ,Derived by automated computational analysis using gene prediction method: Protein Homology.,OG0000076,Conserved,group_42,Conserved,Conserved,Conserved,Conserved_50
GCF_000021325.1_genomic,GDIA_RS19790,MNHMTAPRPSPPGHSIGYWAVMVAGITIIVALYAGILVFGQAW,43,hypothetical protein, ,Derived by automated computational analysis using gene prediction method: GeneMarkS-2+.,OG0000077,Conserved,group_111,Conserved,Conserved,Conserved,Conserved_50
GCF_000021325.1_genomic,GDIA_RS19465,MSGRTTGAPRDYDLFYWMVAFAAAVAWVTLYALCVAILFHVHLLL,45,hypothetical protein, ,Derived by automated computational analysis using gene prediction method: Protein Homology.,OG0000078,Conserved,group_121,Conserved,Conserved,Conserved,Conserved_50
GCF_000021325.1_genomic,GDIA_RS19470,MKRILLGAVLLAMVSGTLAACEQHRTFGQKVQDTLDPPKGPGERAGRSIDRATGN,55,hypothetical protein, ,Derived by automated computational analysis using gene prediction method: Protein Homology.,OG0000079,Conserved,group_82,Conserved,Conserved,Conserved,Conserved_50
GCF_000021325.1_genomic,GDIA_RS19475,MSQSLAFANAWNLAKTLMVCIVIFRTDMGGYGVMPSAEYDGDPAAIVHEYDPFSW,55,hypothetical protein, ,Derived by automated computational analysis using gene prediction method: Protein Homology.,OG0000117,,group_83,Shell,,Probably not conserved,
GCF_000021325.1_genomic,GDIA_RS19375,MKNLTKKPARLRGLDKRPQFAALSVGCFCWCFWLIRQCAVSARNVRCDLNALPILGFPHIAGAGHG,66,hypothetical protein, ,Derived by automated computational analysis using gene prediction method: GeneMarkS-2+.,OG0000000,Conserved,group_23,Shell,,Shell,
GCF_000021325.1_genomic,GDIA_RS14350,MTLNTDMQIPAHTSPTWRNAVTSHPPAPYPPEQPAPPPSPDQPPPMPKDPGNPLN,55,hypothetical protein, ,Derived by automated computational analysis using gene prediction method: Protein Homology.,OG0000080,Conserved,group_84,Conserved,Conserved,Conserved,Conserved_50
GCF_000021325.1_genomic,GDIA_RS18835,MTDTQTPKPEPSVTQPQGNAEKPAEPHEYGGPKEQRPTRYGDWTVKGRCIDF,52,duf1674 domain-containing protein, ,Derived by automated computational analysis using gene prediction method: Protein Homology.,OG0000081,Conserved,group_88,Conserved,Conserved,Conserved,Conserved_50
GCF_000021325.1_genomic,GDIA_RS14720,MTHLPYIVASYGMTIGLAIILGGGAALRLRRAKARLATVEAKARLATVEAKARQATGRQA,60,hypothetical protein, ,Derived by automated computational analysis using gene prediction method: Protein Homology.,OG0000082,Conserved,group_59,Conserved,Conserved,Conserved,Conserved_50
GCF_000021325.1_genomic,GDIA_RS19480,MQPRLTFLFACLTGCLAAIALMVAAPHYAGMARTMIGFYLGVAVIVAARNALRRAGP,57,hypothetical protein, ,Derived by automated computational analysis using gene prediction method: Protein Homology.,OG0000083,Conserved,group_75,Conserved,Conserved,Conserved,Conserved_50
GCF_000021325.1_genomic,GDIA_RS14965,MSEAKTIRVTQVASGNGRKPGQQATLVGLGLNKIGRTRELEDTPSVRGMITKVSHLVKVEG,61,50s ribosomal protein l30, ,Derived by automated computational analysis using gene prediction method: Protein Homology.,OG0000084,Conserved,rpmD,Conserved,Conserved,Conserved,Conserved_50
GCF_000021325.1_genomic,GDIA_RS18845,MLKLALLFLVISIVAGVFGFSGISAASAGIAKILFFIFILAFVIFLLIALLTAKAIL,57,duf1328 domain-containing protein, ,Derived by automated computational analysis using gene prediction method: Protein Homology.,OG0000085,Conserved,group_76,Conserved,Conserved,Conserved,Conserved_50
GCF_000021325.1_genomic,GDIA_RS15175,MSGHVYKIVELVGSSPDSIEGAIAGALARASDSLHSIRWFEVVGTRGHVVDGKVSHYQVMLKVGFTIDDT,70,dodecin, ,Derived by automated computational analysis using gene prediction method: Protein Homology.,OG0000086,Conserved,,,Conserved,Conserved,Conserved_50
GCF_000021325.1_genomic,GDIA_RS15495,MPKMKTKSSVKKRFKITATGKVLAGPGNKRHGLINRSQKMKRTNRGSQTLTEMDGRTVKQWAPYGLA,67,50s ribosomal protein l35, ,Derived by automated computational analysis using gene prediction method: Protein Homology.,OG0000087,Conserved,rpmI,Conserved,Conserved,Conserved,Conserved_50
GCF_000021325.1_genomic,GDIA_RS19485,MPASEKPPVGKLVFLTLLILMTIGMGISLLHSEFTSIRSAGGPPVPAPQSAQPHG,55,hypothetical protein, ,Derived by automated computational analysis using gene prediction method: Protein Homology.,OG0000088,Conserved,group_85,Conserved,Conserved,Conserved,Conserved_50
GCF_000021325.1_genomic,GDIA_RS16245,MDAITLKIGGMTCDGCASAVQKALERTNGVSTASVSMTPAPRAAVTYDPNLATPATLCTAVQDAGYDVTV,70,heavy metal-associated domain-containing protein, ,Derived by automated computational analysis using gene prediction method: Protein Homology.,OG0000089,Conserved,,,Conserved,Conserved,Conserved_50
GCF_000021325.1_genomic,GDIA_RS16480,MQVLVRDNNVDQALKALKKKMQREGIFREMKLRRHYEKPSERKAREAAEAVRRARKMERKRLEREGF,67,30s ribosomal protein s21, ,Derived by automated computational analysis using gene prediction method: Protein Homology.,OG0000090,Conserved,,,Conserved,Conserved,Conserved_50
GCF_000021325.1_genomic,GDIA_RS16520,MAVPKRKTSPSRRGMRRSHEALSVQAHAECANCGELKRPHHVCSHCGHYDGREVVAAGKTLKTAVRA,67,50s ribosomal protein l32, ,Derived by automated computational analysis using gene prediction method: Protein Homology.,OG0000091,Conserved,rpmF,Conserved,Conserved,Conserved,Conserved_50
GCF_000021325.1_genomic,GDIA_RS19490,MKRATGLLGAVLLLGVLAGSLAACGKKGAPEAPGPASKMTYPRTYPAPD,49,hypothetical protein, ,Derived by automated computational analysis using gene prediction method: Protein Homology.,OG0000092,Conserved,group_124,Conserved,Conserved,Conserved,Conserved_50
GCF_000021325.1_genomic,GDIA_RS17550,MNTLLLKLLVLKNSRRGVTALEYGLIAALIAAVIMTAVGTIGSKLNTVFSSIGTDL,56,flp family type ivb pilin, ,Derived by automated computational analysis using gene prediction method: Protein Homology.,OG0000093,Conserved,group_79,Conserved,,Conserved,Conserved_50
GCF_000021325.1_genomic,GDIA_RS17665,MLTDRDTLLRKLHELRSEHRDLDTVISRLALHPMDQLQLQRLKKRKLLLKDEIAWLESRLIPDNIA,66,duf465 domain-containing protein, ,Derived by automated computational analysis using gene prediction method: Protein Homology.,OG0000094,Conserved,group_24,Conserved,,Conserved,Conserved_50
GCF_000021325.1_genomic,GDIA_RS18875,MSYEARIHSLRLRHARLDDRIFDEDHRPAPDPAVLQRLKVEKLRIKEEIERLSHPA,56,ydch family protein, ,Derived by automated computational analysis using gene prediction method: Protein Homology.,OG0000095,Conserved,group_80,Conserved,,Conserved,Conserved_50
GCF_000021325.1_genomic,GDIA_RS17750,MKAQQDDPFELWLKRGLHQLFDDVAREPVPEELLRLIEEDRKTGK,45,nepr family anti-sigma factor, ,Derived by automated computational analysis using gene prediction method: Protein Homology.,OG0000004,Conserved,group_106,Conserved,,Conserved,Conserved_50
GCF_000067045.1_genomic,GDI_RS20125,MGNFRKNMLIHPYEHRGLSVREAARLQSFPDNFVFKGSIGFQQQQVGNAVPPLLAEAVFNTVVAAHHN,68,dna cytosine methyltransferase, ,Derived by automated computational analysis using gene prediction method: Protein Homology.,OG0000118,,,,,Probably not conserved,
GCF_000067045.1_genomic,GDI_RS00395,MARQRDTIADRVRLVLDAPDANVTPLRSEADPRLVSLVRLLARQAARDFVNAEVEAARRRDLQD,64,hypothetical protein, ,Derived by automated computational analysis using gene prediction method: Protein Homology.,OG0000002,Conserved,,,,Probably not conserved,
GCF_000067045.1_genomic,GDI_RS00460,MAEITGRELHLAKKALAIAVLAIERQPRPFQSYSDMQDMKGLLDLLVPGDIELAFYARSARIAVTGDPD,69,hypothetical protein, ,Derived by automated computational analysis using gene prediction method: Protein Homology.,OG0000029,Conserved,,,,Probably not conserved,
GCF_000067045.1_genomic,GDI_RS20020,MTTLHDQIQMLRAELTSYALSRRERAQIERELKQACAQFAADRYDETPPA,50,hypothetical protein, ,Derived by automated computational analysis using gene prediction method: Protein Homology.,OG0000001,Conserved,,,,Probably not conserved,
GCF_000067045.1_genomic,GDI_RS00870,MTETAQAPLDPRLLSVLVCPVTKGPLIYDREAGELISRQAGLAFPIRDGIPIMLPDEARPLDV,63,trm112 family protein, ,Derived by automated computational analysis using gene prediction method: Protein Homology.,OG0000061,Conserved,group_40,Conserved,,Conserved,Conserved_50
GCF_000067045.1_genomic,GDI_RS00935,MTKFEQMIETGIATWSGIVPPSELARRLEAELAVTISAFEAMRGQLRFEDEPSSFEAALQAAKQ,64,hypothetical protein, ,Derived by automated computational analysis using gene prediction method: Protein Homology.,OG0000062,Conserved,,,,Probably not conserved,
GCF_000067045.1_genomic,GDI_RS01085,MSRPLITLGIVLVLAGLLWPVLSRLPLGRLPGDIVIQRPNFTFYAPIATCIVISAVLSLIFWLVRR,66,duf2905 domain-containing protein, ,Derived by automated computational analysis using gene prediction method: Protein Homology.,OG0000063,Conserved,group_20,Conserved,,Conserved,Conserved_50
GCF_000067045.1_genomic,GDI_RS01210,MRHEPEQADRREDGDEKRHPAPGLGSPPEAVPDPDAETPPKPGNTPKDLPEPLTLPEHGG,60,hypothetical protein, ,Derived by automated computational analysis using gene prediction method: Protein Homology.,OG0000064,Conserved,group_52,Conserved,,Conserved,Conserved_50
GCF_000067045.1_genomic,GDI_RS01765,MKHWLAVAALALVVAGCAERPQHEHRETPECMNYRAMMTAPMAPDAMKRLQARCEASRMQ,60,hypothetical protein, ,Derived by automated computational analysis using gene prediction method: GeneMarkS-2+.,OG0000065,Conserved,group_53,Conserved,,Conserved,Conserved_50
GCF_000067045.1_genomic,GDI_RS19590,MKNLTKKPARLRGLDKRPHIAARLGWLFSGIFEVLWRGAWKLRTSHLSVISLIRRDLSRGAGQFS,65,hypothetical protein, ,Derived by automated computational analysis using gene prediction method: GeneMarkS-2+.,OG0000000,Conserved,group_117,Conserved,Conserved,Conserved,Conserved_50
GCF_000067045.1_genomic,GDI_RS02000,MAYRIVTSQCTVCGACEFECPNGAISLKNDLYVINAKKCTECEGQFDTPQCVSVCPVPNTCVPA,64,4fe-4s binding protein, ,Derived by automated computational analysis using gene prediction method: Protein Homology.,OG0000046,Conserved,group_36,Conserved,Conserved,Conserved,Conserved_50
GCF_000067045.1_genomic,GDI_RS02060,MTDIAELKAELKKLSARATKAKMDLHDLSEDLPVNWQAIPDIAAQAHRAFAELTEKRAALAAIEDATKE,69,cce_0567 family metalloprotein, ,Derived by automated computational analysis using gene prediction method: Protein Homology.,OG0000045,Conserved,group_4,Conserved,Conserved,Conserved,Conserved_50
GCF_000067045.1_genomic,GDI_RS18825,MPPWTRRLGWMAVIWTASVLALGVFAMLMHLLMAAAGMAG,40,duf2474 domain-containing protein, ,Derived by automated computational analysis using gene prediction method: Protein Homology.,OG0000044,Conserved,group_113,Conserved,Conserved,Conserved,Conserved_50
GCF_000067045.1_genomic,GDI_RS02725,MKIRNSLKSAKVRDKDCRVVRRHGKVYVINKKNPRMKARQG,41,type b 50s ribosomal protein l36, ,Derived by automated computational analysis using gene prediction method: Protein Homology.,OG0000043,Conserved,ykgO,Conserved,Conserved,Conserved,Conserved_50
GCF_000067045.1_genomic,GDI_RS02940,MGEFKDKIKGHADAMVGEIKRSVGKATKNTDLEAKGTAQKMKGDAERAKGAVKGTINKF,59,csbd family protein, ,Derived by automated computational analysis using gene prediction method: Protein Homology.,OG0000042,Conserved,group_60,Conserved,Conserved,Conserved,Conserved_50
GCF_000067045.1_genomic,GDI_RS19610,MSKIVWTCLGPRRPMPTPTPGPFNPDDPIPGDVPDDDPYEPDDDDEGPVL,50,hypothetical protein, ,Derived by automated computational analysis using gene prediction method: GeneMarkS-2+.,OG0000041,Conserved,group_96,Conserved,Conserved,Conserved,Conserved_50
GCF_000067045.1_genomic,GDI_RS03040,MNRMPFGVPTPDPDETPPHDGQPPVPDQPPRGVDPHRPAGPPGPPHPHEPPLERDPYSDREVRPEQGG,68,hypothetical protein, ,Derived by automated computational analysis using gene prediction method: GeneMarkS-2+.,OG0000040,Conserved,group_9,Conserved,Conserved,Conserved,Conserved_50
GCF_000067045.1_genomic,GDI_RS03055,MTDHPPATVSRPDAQTNDAVPPQAIRARLFPFTGPVPAERVIRGVCIGGVISLVLWALLVGIIMVIRRL,69,hypothetical protein, ,Derived by automated computational analysis using gene prediction method: Protein Homology.,OG0000039,Conserved,,,Conserved,Conserved,Conserved_50
GCF_000067045.1_genomic,GDI_RS18845,MSRLRDKLGPDGRQVIQTIRGAGYVMGGVAGAES,34,winged helix-turn-helix domain-containing protein, ,Derived by automated computational analysis using gene prediction method: Protein Homology.,OG0000119,,,,,Probably not conserved,
GCF_000067045.1_genomic,GDI_RS03270,MSVSPAKFVQDVRAEAGKVTWPTRRATLVTTGAVLAMAAMTSVFFFVVDQIIGLGVRELFGLGG,64,preprotein translocase subunit sece, ,Derived by automated computational analysis using gene prediction method: Protein Homology.,OG0000038,Conserved,,,Conserved,Conserved,Conserved_50
GCF_000067045.1_genomic,GDI_RS20460,MSGPADGDHAFTLWLGRRLHGMYGDVAREPIPDSLLQIVRNIEDKDTSD,49,nepr family anti-sigma factor, ,Derived by automated computational analysis using gene prediction method: Protein Homology.,OG0000004,Conserved,group_119,Conserved,Conserved,Conserved,Conserved_50
GCF_000067045.1_genomic,GDI_RS03635,MGPTVDIAGVQVSSFVIDAGLAVLTLLVLRPLLGTTFVQKRVWNVPLAEFGILICLVGFYVFLL,64,duf1656 domain-containing protein, ,Derived by automated computational analysis using gene prediction method: Protein Homology.,OG0000037,Conserved,group_35,Conserved,Conserved,Conserved,Conserved_50
GCF_000067045.1_genomic,GDI_RS19620,MMVPVRSSSHTTPPPVTTSSPNRPARRTRLHPAMSEAVRAIHTRHRRHLQTHRRSDAGRALR,62,hypothetical protein, ,Derived by automated computational analysis using gene prediction method: GeneMarkS-2+.,OG0000036,Conserved,group_123,Conserved,Conserved,Conserved,Conserved_50
GCF_000067045.1_genomic,GDI_RS19625,MMKSTKTSATAIAVAISSALALSACAGSGLPQSDGHGPAGYDAGLAGNVATIPDRALF,58,hypothetical protein, ,Derived by automated computational analysis using gene prediction method: GeneMarkS-2+.,OG0000035,Conserved,group_67,Conserved,Conserved,Conserved,Conserved_50
GCF_000067045.1_genomic,GDI_RS03715,MNETERTRPGLYRHYKGGLYTLICVGRHSETEEWLVTYRSEARGDYWVRPLAMWVEDVDGVPRFSPLS,68,duf1653 domain-containing protein, ,Derived by automated computational analysis using gene prediction method: Protein Homology.,OG0000034,Conserved,group_8,Conserved,Conserved,Conserved,Conserved_50
GCF_000067045.1_genomic,GDI_RS03985,MSRTAMAGAAPRTDKPQDEKKKPGRAETEAKLDEGLDESFPASDPPSTGGSTSADAE,57,hypothetical protein, ,Derived by automated computational analysis using gene prediction method: Protein Homology.,OG0000120,,group_77,Conserved,,Probably not conserved,
GCF_000067045.1_genomic,GDI_RS19630,MTTAIIIATIMVAVTIRIAAHTSMAAGVAMAGKGSSATGCVSYNVNAHPGTIGIMKA,57,hypothetical protein, ,Derived by automated computational analysis using gene prediction method: GeneMarkS-2+.,OG0000033,Conserved,group_73,Conserved,Conserved,Conserved,Conserved_50
GCF_000067045.1_genomic,GDI_RS20465,MVYLGMMSLVSGLLIACGIQVARFVDTRIDPDLSALNRSAGLDI,44,hypothetical protein, ,Derived by automated computational analysis using gene prediction method: GeneMarkS-2+.,OG0000032,Conserved,group_107,Conserved,Conserved,Conserved,Conserved_50
GCF_000067045.1_genomic,GDI_RS19635,MEIDIMFGKRMAGYPAGHKLSDTTKQTLGGVAVILLMLVAIALSILLSPTIPLGQ,55,hypothetical protein, ,Derived by automated computational analysis using gene prediction method: GeneMarkS-2+.,OG0000031,Conserved,group_81,Conserved,Conserved,Conserved,Conserved_50
GCF_000067045.1_genomic,GDI_RS04350,MDLLRWTLIFLVLALLSAALGFGGIASNFAYIGKILFFIFLVLFIVGLFFGRGRGRTL,58,duf1328 family protein, ,Derived by automated computational analysis using gene prediction method: Protein Homology.,OG0000030,Conserved,group_66,Conserved,Conserved,Conserved,Conserved_50
GCF_000067045.1_genomic,GDI_RS20535,MIRGLLAEQLYRARAIASGHPYHRAGRPA,29,23s rrna (pseudouridine(1915)-n(3))-methyltransferase rlmh, ,Derived by automated computational analysis using gene prediction method: Protein Homology.,OG0000121,,group_116,Shell,,Probably not conserved,
GCF_000067045.1_genomic,GDI_RS20185,MARQRDTIAGKLRLVLDAPDAYVTPLRSGADPRLVSLVRLLARQAARDFVNAEVEAAKRRDLQE,64,hypothetical protein, ,Derived by automated computational analysis using gene prediction method: Protein Homology.,OG0000002,Conserved,group_125,Conserved,Conserved,Conserved,Conserved_50
GCF_000067045.1_genomic,GDI_RS18870,MTDRPSQSIAPAYRPPEPELRLILRPNTPDPRLVALVRLMARRAARDWFRSQQQEQRCRSGP,62,hypothetical protein, ,Derived by automated computational analysis using gene prediction method: Protein Homology.,OG0000002,Conserved,group_44,Shell,,Shell,
GCF_000067045.1_genomic,GDI_RS04625,MMLTDTAIKTAEAQDKAFRLADSEGLFIHVPMGKKFWFMPYRPSVGKKQKLTFGPYPLH,59,arm dna-binding domain-containing protein, ,Derived by automated computational analysis using gene prediction method: GeneMarkS-2+.,OG0000122,,group_65,Shell,,Probably not conserved,
GCF_000067045.1_genomic,GDI_RS20030,MKTSSYRDTRRVRHPDILSSDQTGNATAPRWTLRDRIEGYFVALVVTIYLKLT,53,hypothetical protein, ,Derived by automated computational analysis using gene prediction method: Protein Homology.,OG0000047,Conserved,group_126,Conserved,Conserved,Conserved,Conserved_50
GCF_000067045.1_genomic,GDI_RS19655,MKNLTKKPARLRGQGKSSARSRLHVVGLIGEFALSPRTTCGCPGIFPNLFNDPGVVRRASKRRAGHADAR,70,hypothetical protein, ,Derived by automated computational analysis using gene prediction method: GeneMarkS-2+.,OG0000000,Conserved,,,,Probably not conserved,
GCF_000067045.1_genomic,GDI_RS04960,MADRPDRPASVENVAKGPNALVTRPTTQQASTKPSDHDAEYSPTTRRNMATRRRETRRPSW,61,hypothetical protein, ,Derived by automated computational analysis using gene prediction method: GeneMarkS-2+.,OG0000123,,group_48,Shell,,Probably not conserved,
GCF_000067045.1_genomic,GDI_RS20205,MKTMKWRCARFMDVSSLDYGGVLRDAVFFVLRVSFCDSRLFGGPVL,46,hypothetical protein, ,Derived by automated computational analysis using gene prediction method: GeneMarkS-2+.,OG0000124,,group_102,Shell,,Probably not conserved,
GCF_000067045.1_genomic,GDI_RS05450,MHHDRFPASSLSRAALLVVAMLGLAGGLTACNTVRGAGQDVSSVGHDVSRGANASQNAITKSTGASPR,68,entericidin a/b family lipoprotein, ,Derived by automated computational analysis using gene prediction method: Protein Homology.,OG0000049,Conserved,group_10,Conserved,Conserved,Conserved,Conserved_50
GCF_000067045.1_genomic,GDI_RS20470,MLIQEIGNLVAHSMDVASVLPMVAFLPLVAALMVATAVADRIA,43,hypothetical protein, ,Derived by automated computational analysis using gene prediction method: Protein Homology.,OG0000050,Conserved,group_110,Conserved,Conserved,Conserved,Conserved_50
GCF_000067045.1_genomic,GDI_RS05785,MRDYTDNDDGVRTQLQGLISELQTDIEKVAVLLDQTQASDDVKHLIASIADRLDGVADLADRR,63,hypothetical protein, ,Derived by automated computational analysis using gene prediction method: GeneMarkS-2+.,OG0000051,Conserved,group_39,Conserved,Conserved,Conserved,Conserved_50
GCF_000067045.1_genomic,GDI_RS06035,MAWTAPKITEVPLGAEINSYVCGQKK,26,pyrroloquinoline quinone precursor peptide pqqa, ,Derived by automated computational analysis using gene prediction method: Protein Homology.,OG0000052,Conserved,pqqA,Conserved,Conserved,Conserved,Conserved_50
GCF_000067045.1_genomic,GDI_RS06080,MARLTEEERADLPDEDFALPGRRYPIPDAAHARDALARASAMLHEGHLSPEEYETVVSRARARLGE,66,hypothetical protein, ,Derived by automated computational analysis using gene prediction method: Protein Homology.,OG0000053,Conserved,group_19,Conserved,Conserved,Conserved,Conserved_50
GCF_000067045.1_genomic,GDI_RS19705,MNALTLVLAAAAIVIGFSACEPELLGHHSHAAGMGTASIGSVISDG,46,hypothetical protein, ,Derived by automated computational analysis using gene prediction method: GeneMarkS-2+.,OG0000054,Conserved,group_101,Conserved,Conserved,Conserved,Conserved_50
GCF_000067045.1_genomic,GDI_RS18975,MKMLHLVLLLPFLGLLWPPFYDRIDPVLLGFPFFYWYQLAWVPATSLLIWLVWKRGTR,58,duf3311 domain-containing protein, ,Derived by automated computational analysis using gene prediction method: Protein Homology.,OG0000055,Conserved,group_69,Conserved,Conserved,Conserved,Conserved_50
GCF_000067045.1_genomic,GDI_RS19710,MMTIIAAFLSSPLPVVGLSMLMVCAATLHAGRGMPAAVPVRVRRTRR,47,hypothetical protein, ,Derived by automated computational analysis using gene prediction method: Protein Homology.,OG0000056,Conserved,group_120,Conserved,Conserved,Conserved,Conserved_50
GCF_000067045.1_genomic,GDI_RS20225,MSPSVYAIPLRGMIQGVTPSNPSPRGVGKADVNVTVRPVMTSSSRLPGTSMPPERVVVR,59,hypothetical protein, ,Derived by automated computational analysis using gene prediction method: GeneMarkS-2+.,OG0000057,Conserved,,,Conserved,Conserved,Conserved_50
GCF_000067045.1_genomic,GDI_RS06855,MTEKSKAEKAEAARQERLAREAAALRENLRRRKQQSRARADAPAAPPVPDAAAEDGAKS,59,hypothetical protein, ,Derived by automated computational analysis using gene prediction method: Protein Homology.,OG0000058,Conserved,group_62,Conserved,Conserved,Conserved,Conserved_50
GCF_000067045.1_genomic,GDI_RS07145,MQANLQPVPAAAMDLVARHGDDALVIARRYRDDAQDDDDEVLVAYWNAILETSQYLLEESPDRHS,65,hypothetical protein, ,Derived by automated computational analysis using gene prediction method: GeneMarkS-2+.,OG0000059,Conserved,group_27,Conserved,Conserved,Conserved,Conserved_50
GCF_000067045.1_genomic,GDI_RS07230,MTTNTGKTVSVLALAGMLLLAACGPNYGDRGTQKFRGHGYGDVGPSAKGNYGFDGPP,57,hypothetical protein, ,Derived by automated computational analysis using gene prediction method: Protein Homology.,OG0000005,Conserved,group_74,Conserved,Conserved,Conserved,Conserved_50
GCF_000067045.1_genomic,GDI_RS07235,MLTLLVIILIIFAIGGGGYGIRSGWYGGGQGGRFNGLGLLPIILIIVALFLLFRGTGQM,59,hypothetical protein, ,Derived by automated computational analysis using gene prediction method: Protein Homology.,OG0000060,Conserved,group_63,Conserved,Conserved,Conserved,Conserved_50
GCF_000067045.1_genomic,GDI_RS19030,MTLDLILGGAVTVGLLAYVLLALVRPERF,29,k(+)-transporting atpase subunit f, ,Derived by automated computational analysis using gene prediction method: Protein Homology.,OG0000125,,kdpF,Shell,,Probably not conserved,
GCF_000067045.1_genomic,GDI_RS07540,MLTEFNFFGVFMAPIVVYAIAALPVTMLIRFLLWWSGIMKWFWHLALFEVALYTCVLCLLILYV,64,duf1656 domain-containing protein, ,Derived by automated computational analysis using gene prediction method: Protein Homology.,OG0000048,Conserved,group_37,Conserved,,Conserved,Conserved_50
GCF_000067045.1_genomic,GDI_RS08075,MNTLLLKLLVLKNSRRGVTALEYGLIAALIAAVIMTAVGTIGSKLNTVFSSIGTDL,56,flp family type ivb pilin, ,Derived by automated computational analysis using gene prediction method: Protein Homology.,OG0000093,Conserved,group_79,Conserved,,Conserved,Conserved_50
GCF_000067045.1_genomic,GDI_RS08185,MLTDRDTLLRKLHELRSEHRDLDTVISRLALHPMDQLQLQRLKKRKLLLKDEIAWLESRLIPDNIA,66,duf465 domain-containing protein, ,Derived by automated computational analysis using gene prediction method: Protein Homology.,OG0000094,Conserved,group_24,Conserved,,Conserved,Conserved_50
GCF_000067045.1_genomic,GDI_RS19085,MSYEARIHSLRLRHARLDDRIFDEDHRPAPDPAVLQRLKVEKLRIKEEIERLSHPA,56,ydch family protein, ,Derived by automated computational analysis using gene prediction method: Protein Homology.,OG0000095,Conserved,group_80,Conserved,,Conserved,Conserved_50
GCF_000067045.1_genomic,GDI_RS08270,MKAQQDDPFELWLKRGLHQLFDDVAREPVPEELLRLIEEDRKTGK,45,nepr family anti-sigma factor, ,Derived by automated computational analysis using gene prediction method: Protein Homology.,OG0000004,Conserved,group_106,Conserved,,Conserved,Conserved_50
GCF_000067045.1_genomic,GDI_RS08460,MRILVNEEPREVSTATLAALLDELGYGGARVATAVNGDFVPVSRRAALTLDEGARVEILAPMQGG,65,sulfur carrier protein this, ,Derived by automated computational analysis using gene prediction method: Protein Homology.,OG0000006,Conserved,thiS,Conserved,Conserved,Conserved,Conserved_50
GCF_000067045.1_genomic,GDI_RS09045,MPVIPPFRSFLEPGQFVVHPDHPEWGRGQVQSAVAHRVTVNFEHQGKILIDASVIMLTVIS,61,duf3553 domain-containing protein, ,Derived by automated computational analysis using gene prediction method: Protein Homology.,OG0000007,Conserved,group_46,Conserved,Conserved,Conserved,Conserved_50
GCF_000067045.1_genomic,GDI_RS09165,MAKSNTIQIKLVSSADTGYFYVTKKNARAQTGKLEMRKYDPVARKHVAFREAKIK,55,50s ribosomal protein l33, ,Derived by automated computational analysis using gene prediction method: Protein Homology.,OG0000008,Conserved,rpmG,Conserved,Conserved,Conserved,Conserved_50
GCF_000067045.1_genomic,GDI_RS09270,MKLSARNQISGKITEIIKGATTSHVGIDIGGKVITASITNEAVADLKLKVGEHATAIIKASDVMVGV,67,tobe domain-containing protein, ,Derived by automated computational analysis using gene prediction method: Protein Homology.,OG0000009,Conserved,group_13,Conserved,Conserved,Conserved,Conserved_50
GCF_000067045.1_genomic,GDI_RS19770,MAIAVDLTVVMGAKPIGDHISIRIATSVAGGSSSAKTKIVAEKQEDQGIG,50,hypothetical protein, ,Derived by automated computational analysis using gene prediction method: GeneMarkS-2+.,OG0000010,Conserved,group_93,Conserved,Conserved,Conserved,Conserved_50
GCF_000067045.1_genomic,GDI_RS09630,MNAENGQDAPIGYYNAPHGVAAAERALALGAFAIGTGEFAIMGMLPDMARNRSAGPGRSCRPAA,64,hypothetical protein, ,Derived by automated computational analysis using gene prediction method: Protein Homology.,OG0000011,Conserved,group_32,Conserved,Conserved,Conserved,Conserved_50
GCF_000067045.1_genomic,GDI_RS09770,MATGTVKWFNATKGFGFIMPEDGGKDVFVHITAVQAAGLRGLNENQRVSYDVVTERGKAAASNLKPL,67,cold-shock protein, ,Derived by automated computational analysis using gene prediction method: Protein Homology.,OG0000003,Conserved,group_14,Conserved,Conserved,Conserved,Conserved_50
GCF_000067045.1_genomic,GDI_RS19095,MTTPTTREAFLAGGNAFDVAGVPLSTDAAVLKAGLQAKLTDRLNVGLSYVGQYGDHSTDSGLTGNVKVTF,70,autotransporter domain-containing protein, ,Derived by automated computational analysis using gene prediction method: Protein Homology.,OG0000012,Conserved,,,Conserved,Conserved,Conserved_50
GCF_000067045.1_genomic,GDI_RS20040,MNQPHSLTDAEATEFVRRHRGRIYGVAITLLALAAVFYGLALVRL,45,hypothetical protein, ,Derived by automated computational analysis using gene prediction method: Protein Homology.,OG0000013,Conserved,group_103,Conserved,Conserved,Conserved,Conserved_50
GCF_000067045.1_genomic,GDI_RS19775,MRSAIGFPLRHRALLPKRAHVSGGRPTIDITVKKDSVTVLFDKKRGDTSNRPDDQIAKLVRIGPISQIMR,70,hypothetical protein, ,Derived by automated computational analysis using gene prediction method: GeneMarkS-2+.,OG0000126,,,,,Probably not conserved,
GCF_000067045.1_genomic,GDI_RS10195,MKRTYQPSKLVRKRRHGFRARMETVGGRKVIANRRAKGRKRLSA,44,50s ribosomal protein l34, ,Derived by automated computational analysis using gene prediction method: Protein Homology.,OG0000014,Conserved,,,Conserved,Conserved,Conserved_50
GCF_000067045.1_genomic,GDI_RS10200,MTGPESDEKTRRVAATLHDVRGLLSPAMLSADGLTLHADPQVRAAAEQIIQSIEQAVSRLKALGQPKK,68,hypothetical protein, ,Derived by automated computational analysis using gene prediction method: Protein Homology.,OG0000015,Conserved,group_7,Conserved,Conserved,Conserved,Conserved_50
GCF_000067045.1_genomic,GDI_RS20045,MQRILLALAGIVVLAAAGGFVSLGAFPPPAPTLPVHKDLPSDRFAHP,47,hypothetical protein, ,Derived by automated computational analysis using gene prediction method: Protein Homology.,OG0000016,Conserved,group_98,Conserved,Conserved,Conserved,Conserved_50
GCF_000067045.1_genomic,GDI_RS20050,MPDIEDHSAPAPLRDVVQLMGAVTFVLAMLAVGWHAAHVSGVWPG,45,hypothetical protein, ,Derived by automated computational analysis using gene prediction method: Protein Homology.,OG0000017,Conserved,group_104,Conserved,Conserved,Conserved,Conserved_50
GCF_000067045.1_genomic,GDI_RS10845,MASIDWRPLSEPSGFAERDPWQDIAASRDRPQTSRRMKQRLGHWVATCAMGAWALLAIVPVIVVLMAIDG,70,hypothetical protein, ,Derived by automated computational analysis using gene prediction method: Protein Homology.,OG0000018,Conserved,,,Conserved,Conserved,Conserved_50
GCF_000067045.1_genomic,GDI_RS11050,MFHISMAGPHRPHLHAPWRAVAARQDDPSGVDARDRITVALICGGLLSAFVIDMAILYFSMFRP,64,hypothetical protein, ,Derived by automated computational analysis using gene prediction method: Protein Homology.,OG0000019,Conserved,group_33,Conserved,Conserved,Conserved,Conserved_50
GCF_000067045.1_genomic,GDI_RS11515,MTPEATAIDLFARHGAEALAIAQTHLDEARLDGDAEKARYWIASCEEIRRLHAGQESMEIDLSR,64,hypothetical protein, ,Derived by automated computational analysis using gene prediction method: GeneMarkS-2+.,OG0000020,Conserved,group_34,Conserved,Conserved,Conserved,Conserved_50
GCF_000067045.1_genomic,GDI_RS11530,MFKSEIIEIDGVFVGVVIQSRRDGARVFRAIHEWLRPLNGQIMSSLQEARNVATGLFRRQRVGLAPVLT,69,hypothetical protein, ,Derived by automated computational analysis using gene prediction method: Protein Homology.,OG0000021,Conserved,group_1,Conserved,Conserved,Conserved,Conserved_50
GCF_000067045.1_genomic,GDI_RS19980,MRTVDHPADRTEQTPDPLRPARGVMRAVLAGAVLWIAILLGLFLLWHHHG,50,hypothetical protein, ,Derived by automated computational analysis using gene prediction method: Protein Homology.,OG0000022,Conserved,group_118,Conserved,Conserved,Conserved,Conserved_50
GCF_000067045.1_genomic,GDI_RS19790,MTLFSFGPLADLPDGVRNAGAQSIVSPELSSRFYYDGAPHMGHFSDIFRYRMMKTGLA,58,hypothetical protein, ,Derived by automated computational analysis using gene prediction method: GeneMarkS-2+.,OG0000127,,,,,Probably not conserved,
GCF_000067045.1_genomic,GDI_RS19175,MRLILLVIVVLLLIGALPTWPYSGGWGYYPAGGLGLILLILVILAVMGNI,50,duf3309 family protein, ,Derived by automated computational analysis using gene prediction method: Protein Homology.,OG0000023,Conserved,group_94,Conserved,Conserved,Conserved,Conserved_50
GCF_000067045.1_genomic,GDI_RS12225,MKVPDMSAAPSPRALLSALLCLGMLPLAACSSASGEGDHHPPHDRNVIVVPRGTDVVCPDGTHPPCP,67,hypothetical protein, ,Derived by automated computational analysis using gene prediction method: Protein Homology.,OG0000128,,group_17,Conserved,,Probably not conserved,
GCF_000067045.1_genomic,GDI_RS12250,MNTRCGCPGTIPARGRDRMPSAAQWAEWGGRAAVLLAVAWAACMVWNGGAGLHALSQATAAFFAA,65,hypothetical protein, ,Derived by automated computational analysis using gene prediction method: Protein Homology.,OG0000024,Conserved,group_122,Conserved,Conserved,Conserved,Conserved_50
GCF_000067045.1_genomic,GDI_RS19805,MQGRVIGLSLDELRRIPNVVAIASESTKIVTERS,34,sugar-binding domain-containing protein, ,Derived by automated computational analysis using gene prediction method: Protein Homology.,OG0000025,Conserved,group_114,Conserved,Conserved,Conserved,Conserved_50
GCF_000067045.1_genomic,GDI_RS12755,MSRPDFQIDGVTAQAFTLPTDGPEAAIIIVHVQAGERVGFGYTYSDATVARLIEDTLKSKIVGQHRV,67,mandelate racemase, ,Derived by automated computational analysis using gene prediction method: GeneMarkS-2+.,OG0000026,Conserved,,,Conserved,Conserved,Conserved_50
GCF_000067045.1_genomic,GDI_RS12880,MNGTRRTTCTYPAARKRAGANTGPRAIRRHASAVPPASPASPPATDSTTVIQRARASSATS,61,hypothetical protein, ,Derived by automated computational analysis using gene prediction method: GeneMarkS-2+.,OG0000129,,group_49,Shell,,Probably not conserved,
GCF_000067045.1_genomic,GDI_RS19815,MPSINTMNCAELHAALKHIKKLEEFVAQESQRNQGPGWSYVIDILDRDRKIVENEIKNAANLHLIL,66,hypothetical protein, ,Derived by automated computational analysis using gene prediction method: GeneMarkS-2+.,OG0000130,,group_25,Shell,,Probably not conserved,
GCF_000067045.1_genomic,GDI_RS19985,MTGPQNPPRSDDAVDQLGTEEQRKLDHVIDAVNAWHTRHGFLSDEFPTL,49,type ii toxin-antitoxin system ccda family antitoxin, ,Derived by automated computational analysis using gene prediction method: Protein Homology.,OG0000027,Conserved,group_127,Conserved,Conserved,Conserved,Conserved_50
GCF_000067045.1_genomic,GDI_RS19820,MKNLTKKPARLRGLDKRPHIAARLGWLFSGFFEVLLRGAWISRTSRQGVISLIRRVLSRGAGHFS,65,hypothetical protein, ,Derived by automated computational analysis using gene prediction method: GeneMarkS-2+.,OG0000000,Conserved,group_30,Shell,,Shell,
GCF_000067045.1_genomic,GDI_RS20305,MPTIRPWDTAPLRRAYAGLDPAGLAQEWLRHNPAYRRDHAATMTMGEVDAEAWRAFARRWGLRFPCRP,68,duf6499 domain-containing protein, ,Derived by automated computational analysis using gene prediction method: Protein Homology.,OG0000028,Conserved,,,Conserved,Conserved,Conserved_50
GCF_000067045.1_genomic,GDI_RS20055,MTTLHDHIQMLRAELTSFHLSKRERRQIERELKEALVRQGNVEADRPTPPH,51,hypothetical protein, ,Derived by automated computational analysis using gene prediction method: Protein Homology.,OG0000001,Conserved,group_92,Shell,,Shell,
GCF_000067045.1_genomic,GDI_RS19235,MTDRPSQSIAPAYRPPEPELRLVLRPNAPDPRLIALVRLIARRAARDWFRSQQQEQRRRSGP,62,hypothetical protein, ,Derived by automated computational analysis using gene prediction method: Protein Homology.,OG0000002,Conserved,group_45,Shell,,Shell,
GCF_000067045.1_genomic,GDI_RS20070,MTTHHDQIQMLRAELTSFYLSRRERARIERELRKVEADLAAAAGVSYVSEDPD,53,hypothetical protein, ,Derived by automated computational analysis using gene prediction method: Protein Homology.,OG0000001,Conserved,group_87,Shell,,Shell,
GCF_000067045.1_genomic,GDI_RS20545,MKQGRRLFGIDQQRSQFLSPRFEACHPVLQLARRNATKNGVDRPVEVAVDALEFLLTGNEIGAAFHA,67,hypothetical protein, ,Derived by automated computational analysis using gene prediction method: GeneMarkS-2+.,OG0000131,,,,,Probably not conserved,
GCF_000067045.1_genomic,GDI_RS20075,MRRAIGLLGAVLLLGALAGSLAACGKKGAPEAPGPASKMTYPRTYPAPD,49,hypothetical protein, ,Derived by automated computational analysis using gene prediction method: Protein Homology.,OG0000092,Conserved,group_124,Conserved,Conserved,Conserved,Conserved_50
GCF_000067045.1_genomic,GDI_RS20325,MNVEIVRRCNVGKFVVLPKRWIVERTIAWLNRCRRLGKDWECLNRNALAFLRWASVRLMLRKICN,65,transposase, ,Derived by automated computational analysis using gene prediction method: Protein Homology.,OG0000132,,,,,Probably not conserved,
GCF_000067045.1_genomic,GDI_RS14590,MAVPKRKTSPSRRGMRRSHEALSVQAHAECANCGELKRPHHVCSHCGHYDGREVVAAGKTLKTAVRA,67,50s ribosomal protein l32, ,Derived by automated computational analysis using gene prediction method: Protein Homology.,OG0000091,Conserved,rpmF,Conserved,Conserved,Conserved,Conserved_50
GCF_000067045.1_genomic,GDI_RS14630,MQVLVRDNNVDQALKALKKKMQREGIFREMKLRRHYEKPSERKAREAAEAVRRARKMERKRLEREGF,67,30s ribosomal protein s21, ,Derived by automated computational analysis using gene prediction method: Protein Homology.,OG0000090,Conserved,,,Conserved,Conserved,Conserved_50
GCF_000067045.1_genomic,GDI_RS14855,MDAITLKIGGMTCDGCASAVQKALERTNGVSTASVSMTPAPRAAVTYDPNLATPATLCTAVQDAGYDVTV,70,heavy metal-associated domain-containing protein, ,Derived by automated computational analysis using gene prediction method: Protein Homology.,OG0000089,Conserved,,,Conserved,Conserved,Conserved_50
GCF_000067045.1_genomic,GDI_RS20080,MPASEKPPVGKLVFLTLLILMTIGMGISLLHSEFTSIRSAGGPPVPAPQSAQPHG,55,hypothetical protein, ,Derived by automated computational analysis using gene prediction method: Protein Homology.,OG0000088,Conserved,group_85,Conserved,Conserved,Conserved,Conserved_50
GCF_000067045.1_genomic,GDI_RS15530,MPKMKTKSSVKKRFKITATGKVLAGPGNKRHGLINRSQKMKRTNRGSQTLTEMDGRTVKQWAPYGLA,67,50s ribosomal protein l35, ,Derived by automated computational analysis using gene prediction method: Protein Homology.,OG0000087,Conserved,rpmI,Conserved,Conserved,Conserved,Conserved_50
GCF_000067045.1_genomic,GDI_RS20000,MRMEGGAVRAAHARDPALAHVAALEHVLAGADADDVAMIVRSFGLSAAAADL,52,hypothetical protein, ,Derived by automated computational analysis using gene prediction method: GeneMarkS-2+.,OG0000133,,,,,Probably not conserved,
GCF_000067045.1_genomic,GDI_RS15850,MSGHVYKIVELVGSSPDSIEGAIAGALARASDSLHSIRWFEVVGTRGHVVDGKVSHYQVMLKVGFTIDDT,70,dodecin, ,Derived by automated computational analysis using gene prediction method: Protein Homology.,OG0000086,Conserved,,,Conserved,Conserved,Conserved_50
GCF_000067045.1_genomic,GDI_RS19325,MLKLALLFLVISIVAGVFGFSGISAASAGIAKILFFIFILAFVIFLLIALLTAKAIL,57,duf1328 domain-containing protein, ,Derived by automated computational analysis using gene prediction method: Protein Homology.,OG0000085,Conserved,group_76,Conserved,Conserved,Conserved,Conserved_50
GCF_000067045.1_genomic,GDI_RS16060,MSEAKTIRVTQVASGNGRKPGQQATLVGLGLNKIGRTRELEDTPSVRGMITKVSHLVKVEG,61,50s ribosomal protein l30, ,Derived by automated computational analysis using gene prediction method: Protein Homology.,OG0000084,Conserved,rpmD,Conserved,Conserved,Conserved,Conserved_50
GCF_000067045.1_genomic,GDI_RS20360,MPASPAPYGKTHDTDGQASEVCYSDDGVMMQAMQGARIVVRAESVARTAQPDSVFAIPAGLKEVAAAHP,69,hypothetical protein, ,Derived by automated computational analysis using gene prediction method: GeneMarkS-2+.,OG0000134,,,,,Probably not conserved,
GCF_000067045.1_genomic,GDI_RS20085,MQPRLTFLFACLTGCLAAIALMVAAPHYAGMARTMIGFYLGVAVIVAARNALRRAGP,57,hypothetical protein, ,Derived by automated computational analysis using gene prediction method: Protein Homology.,OG0000083,Conserved,group_75,Conserved,Conserved,Conserved,Conserved_50
GCF_000067045.1_genomic,GDI_RS16305,MTHLPYIVASYGMTIGLAIILGGGAALRLRRAKARLATVEAKARLATVEAKARQATGRQA,60,hypothetical protein, ,Derived by automated computational analysis using gene prediction method: Protein Homology.,OG0000082,Conserved,group_59,Conserved,Conserved,Conserved,Conserved_50
GCF_000067045.1_genomic,GDI_RS19335,MTDTQTPKPEPSVTQPQGNAEKPAEPHEYGGPKEQRPTRYGDWTVKGRCIDF,52,duf1674 domain-containing protein, ,Derived by automated computational analysis using gene prediction method: Protein Homology.,OG0000081,Conserved,group_88,Conserved,Conserved,Conserved,Conserved_50
GCF_000067045.1_genomic,GDI_RS20090,MTLNTDMQIPAHTSPTWRNAVTSDPPAPYPPEQPAPPPSPDQPPPMPKDPGNPLN,55,hypothetical protein, ,Derived by automated computational analysis using gene prediction method: Protein Homology.,OG0000080,Conserved,group_84,Conserved,Conserved,Conserved,Conserved_50
GCF_000067045.1_genomic,GDI_RS20095,MKRIVLGAVLLAMVSGTLAACEQHRTFGQKVQDTLDPPKGPGERAGRSIDRATGN,55,hypothetical protein, ,Derived by automated computational analysis using gene prediction method: Protein Homology.,OG0000079,Conserved,group_82,Conserved,Conserved,Conserved,Conserved_50
GCF_000067045.1_genomic,GDI_RS20100,MSGHTTGAPRDYDLFYWMVAFAAAVAWVTLYALCVAILFHVHLLL,45,hypothetical protein, ,Derived by automated computational analysis using gene prediction method: Protein Homology.,OG0000078,Conserved,group_121,Conserved,Conserved,Conserved,Conserved_50
GCF_000067045.1_genomic,GDI_RS20515,MNHMTAPRPSPPGHSIGYWAVMVAGITIIVALYAGILVFGQAW,43,hypothetical protein, ,Derived by automated computational analysis using gene prediction method: GeneMarkS-2+.,OG0000077,Conserved,group_111,Conserved,Conserved,Conserved,Conserved_50
GCF_000067045.1_genomic,GDI_RS16800,MRVRLFLSALSVVVLAGMATPASAAPCRDAKGKFTTCPKPAPTKCRDAKGKFTKCPAPSAAAG,63,hypothetical protein, ,Derived by automated computational analysis using gene prediction method: Protein Homology.,OG0000076,Conserved,group_42,Conserved,Conserved,Conserved,Conserved_50
GCF_000067045.1_genomic,GDI_RS16985,MARAALQISVRDLAAAAEVSPTTITRLERGESLYLRTIDAVRAALEVAGIEFIAENGGGAGVRLKKEITT,70,helix-turn-helix domain-containing protein, ,Derived by automated computational analysis using gene prediction method: Protein Homology.,OG0000135,,,,,Probably not conserved,
GCF_000067045.1_genomic,GDI_RS20520,MSRSLMRQAALFILIPLSAWTIRVGQALGRLAVRLARREGAL,42,hypothetical protein, ,Derived by automated computational analysis using gene prediction method: GeneMarkS-2+.,OG0000136,,group_112,Shell,,Probably not conserved,
GCF_000067045.1_genomic,GDI_RS17005,MGRPRKVWPEAQVKELIRLREAGRTWKEIGARLGLPRVTCSRYWQEVLGLPAFRVTRQHQQQEDWS,66,hypothetical protein, ,Derived by automated computational analysis using gene prediction method: GeneMarkS-2+.,OG0000137,,group_26,Shell,,Probably not conserved,
GCF_000067045.1_genomic,GDI_RS20400,MTEAEWSHWMAAAQQGDANAYRLVLAEAAAWLRRFFLRRLPPPMIDCLVPGFGGADYV,58,hypothetical protein, ,Derived by automated computational analysis using gene prediction method: GeneMarkS-2+.,OG0000075,Conserved,,,Conserved,Conserved,Conserved_50
GCF_000067045.1_genomic,GDI_RS20105,MRQVVRPRRPGKWARGGATPLLDQIGIVLLILFSAAWLVVLLILG,45,hypothetical protein, ,Derived by automated computational analysis using gene prediction method: Protein Homology.,OG0000067,Conserved,group_105,Conserved,Conserved,Conserved,Conserved_50
GCF_000067045.1_genomic,GDI_RS17250,MRRSCLVCLVLIAVLAGCASHPSPPPAARGRDAFHQFDPPAPGVANRPAIGLGGAY,56,hypothetical protein, ,Derived by automated computational analysis using gene prediction method: Protein Homology.,OG0000068,Conserved,group_78,Conserved,Conserved,Conserved,Conserved_50
GCF_000067045.1_genomic,GDI_RS17280,MDENGTDRTRAVAVRALRVLPLAGLLLLAACGPDYGDRGTRQFRGDGYGDVGVNTKGSYGYDGGGY,66,hypothetical protein, ,Derived by automated computational analysis using gene prediction method: Protein Homology.,OG0000005,Conserved,group_22,Conserved,Conserved,Conserved,Conserved_50
GCF_000067045.1_genomic,GDI_RS20110,MTTTIRSTCALLAMLALAGCFYDRPPYRGWHRGYYGGHYGWYDERGGWRGDYHR,54,hypothetical protein, ,Derived by automated computational analysis using gene prediction method: Protein Homology.,OG0000069,Conserved,group_86,Conserved,Conserved,Conserved,Conserved_50
GCF_000067045.1_genomic,GDI_RS17390,MTERKTGTKAASTTARGGAEMHVHHHHHYHGGAKPAAVADVAARGVRRRPAPARKATRRV,60,hypothetical protein, ,Derived by automated computational analysis using gene prediction method: GeneMarkS-2+.,OG0000070,Conserved,group_55,Conserved,Conserved,Conserved,Conserved_50
GCF_000067045.1_genomic,GDI_RS17925,MTITAPRPAPEGALPDSAVITLVSRPCATVAIRDIMPGVQAELNAVGDIIRLRLTSDWNA,60,hypothetical protein, ,Derived by automated computational analysis using gene prediction method: GeneMarkS-2+.,OG0000071,Conserved,group_56,Conserved,Conserved,Conserved,Conserved_50
GCF_000067045.1_genomic,GDI_RS19410,MNSADLIRELKKAGWMEVRSRGSHHIFRHPDHGHSVTVPHPKKGLGKGLVAAIRKQAGLK,60,type ii toxin-antitoxin system hica family toxin, ,Derived by automated computational analysis using gene prediction method: Protein Homology.,OG0000072,Conserved,group_57,Conserved,Conserved,Conserved,Conserved_50
GCF_000067045.1_genomic,GDI_RS19905,MSDAGLSREGLIWKVAMAVAQAEKGITADPNRGRLGGDRTYILALIKEVADTIDATGKPPEPAIESRAE,69,hypothetical protein, ,Derived by automated computational analysis using gene prediction method: GeneMarkS-2+.,OG0000073,Conserved,group_5,Conserved,Conserved,Conserved,Conserved_50
GCF_000067045.1_genomic,GDI_RS18000,MATGTVKWFNSQKGFGFIQPNDGSSDVFVHISAVERAGLRGLNEGQTISYELETGRNNKTSAVNLKAD,68,cold-shock protein, ,Derived by automated computational analysis using gene prediction method: Protein Homology.,OG0000003,Conserved,group_12,Conserved,Conserved,Conserved,Conserved_50
GCF_000067045.1_genomic,GDI_RS19910,MTPIVENGPKAETPFATHHERRTALVAVAIVAGFLAAIVLACAFAPTIPL,50,hypothetical protein, ,Derived by automated computational analysis using gene prediction method: GeneMarkS-2+.,OG0000074,Conserved,group_97,Conserved,Conserved,Conserved,Conserved_50
GCF_000067045.1_genomic,GDI_RS20450,MRNKARLGDELRAAIGSSQICLHFQPLYTMPDNQIAACEALVRWNHPVRGMIPPDQFAGSL,61,eal domain-containing protein, ,Derived by automated computational analysis using gene prediction method: GeneMarkS-2+.,OG0000138,,,,,Probably not conserved,
GCF_000067045.1_genomic,GDI_RS18370,MTHLLGTVFLFIGFAVFAFSVVPFATKKNLKLSLLLILVGFVALGNGLLMMHNPHLFDTAQTPK,64,hypothetical protein, ,Derived by automated computational analysis using gene prediction method: GeneMarkS-2+.,OG0000139,,,,,Probably not conserved,
GCF_000067045.1_genomic,GDI_RS19475,MSTKAIFYTILAVLMAGVGITFLRDMIPVGAPEPQASVLYFTAPICAIGAIAVAAMAALNFTNRNKRPE,69,hypothetical protein, ,Derived by automated computational analysis using gene prediction method: GeneMarkS-2+.,OG0000140,,,,,Probably not conserved,
GCF_000067045.1_genomic,GDI_RS18545,MRDQKKAKITFVMLACLAVEAIVMAGLYRLDTDEKDAFMLPCVQHHDVASCLAQWKARR,59,hypothetical protein, ,Derived by automated computational analysis using gene prediction method: GeneMarkS-2+.,OG0000141,,,,,Probably not conserved,
GCF_000067045.1_genomic,GDI_RS19925,MKNLTKKPARLRGLDKRPHIAARLGWLFSGIFEVLWRGAWKLRTSHLSVISLIRRDLSRGAGQFS,65,hypothetical protein, ,Derived by automated computational analysis using gene prediction method: GeneMarkS-2+.,OG0000000,Conserved,group_117,Conserved,,Conserved,Conserved_50
GCF_000067045.1_genomic,GDI_RS20120,MTTLYDTIQQLRAELTSFHLTRRERAAIEAELAVAIARLAERDRAADEEAPA,52,hypothetical protein, ,Derived by automated computational analysis using gene prediction method: Protein Homology.,OG0000001,Conserved,,,,Probably not conserved,
